Workbook

Sheet Thickness
A1: 2025 | DQ1: OBSTRUCTION
C2: PLATENS NUMBERED LEFT TO RIGHT FACING REAR OF BOILER. THICKNESS MEASUREMENTS ARE IN INCHES. | DQ2: ORIENTATION
A3: ELEVATION | C3: LOC | D3: 1 | E3: 2 | F3: 3 | G3: 4 | H3: 5 | I3: 6 | J3: 7 | K3: 8 | L3: 9 | M3: 10 | N3: 11 | O3: 12 | P3: 13 | Q3: 14 | R3: 15 | S3: 16 | T3: 17 | U3: 18 | V3: 19 | W3: 20 | X3: AVG | Y3: MIN
A4: A | B4: REAR SIDE | C4: L | D4: 0.176 | E4: 0.18 | F4: 0.188 | I4: 0.187 | L4: 0.179 | O4: 0.185 | R4: 0.181 | U4: 0.178 | V4: 0.19 | W4: 0.184 | X4: =IFERROR(AVERAGE(D4:W6),0) -> 0.1828 | Y4: =MIN(D4:W6) -> 0.176
A5: 0.075 | B5: IK #22 C/L | C5: C | D5: 0.176 | E5: 0.182 | F5: 0.189 | I5: 0.183 | L5: 0.179 | O5: 0.184 | R5: 0.181 | U5: 0.178 | V5: 0.186 | W5: 0.186 | X5: =IFERROR(AVERAGE(D5:W7),0) -> 5.3414 | Y5: =MIN(D5:W7) -> 0.176
B6: 0' REFERENCE | C6: R | D6: 0.176 | E6: 0.182 | F6: 0.189 | I6: 0.185 | L6: 0.179 | O6: 0.185 | R6: 0.181 | U6: 0.179 | V6: 0.19 | W6: 0.186 | X6: =IFERROR(AVERAGE(D6:W8),0) -> 7.0610667 | Y6: =MIN(D6:W8) -> 0.176
A7: ELEVATION | C7: LOC | D7: 1 | E7: 2 | F7: 3 | G7: 4 | H7: 5 | I7: 6 | J7: 7 | K7: 8 | L7: 9 | M7: 10 | N7: 11 | O7: 12 | P7: 13 | Q7: 14 | R7: 15 | S7: 16 | T7: 17 | U7: 18 | V7: 19 | W7: 20 | X7: AVG | Y7: MIN
A97: A | B97: 0.001-0.075 | C97: 0.146-0.155 | M97: OUTSIDE DIAMETER: | Z97: 2.5 | AG97: INSPECTION RESULTS | BR97: APPLIED TECHNICAL SERVICES 1049 Triad Court Marietta, Georgia 30062 Office # (770) 423-1400 Fax # (770) 514-3299 www.atslab.com | CL97: INTERNATIONAL PAPER
A98: LEGEND | B98: 0.076-0.115 | C98: 0.156-0.165 | M98: TUBE MATERIAL: | Z98: SA-213T22 | AG98: =TRUNC(MAX(D4:W6),3) -> 0.19 | AL98: MAX. THICKNESS | CL98: RIVERDALE MILL
B99: 0.116-0.125 | C99: 0.166-0.175 | M99: NOMINAL WALL: | Z99: 0.165 | AG99: =TRUNC(AVERAGE(D4:W6),3) -> 0.182 | AL99: AVG. THICKNESS | CL99: TUBE WALL THICKNESS SURVEY
B100: 0.126-0.135 | C100: 0.176-0.185 | M100: ASME MIN: | Z100: 0.075 | AG100: =TRUNC(MIN(D4:W6),3) -> 0.176 | AL100: MIN. THICKNESS | CL100: NO. 1 RECOVERY BOILER
B101: 0.136-0.145 | C101: 0.186-0.999 | M101: MILL FLAG: | Z101: 0.115 | AG101: =STDEV(D4:W6) -> 0.0042943427 | AL101: STD DEV. | AW101: Job # H449364 P.O. # 0018342455 W.O. # N/A Date: 5/05/2025 | CL101: 10 SOOTBLOWER PASS A1
B102: THICKNESS
BR105: APPLIED TECHNICAL SERVICES 1049 Triad Court Marietta, Georgia 30062 Office # (770) 423-1400 Fax # (770) 514-3299 www.atslab.com
BR110: APPLIED TECHNICAL SERVICES 1325-B Cavalier Boulevard Chesapeake, Virginia 23323 (757) 558-0016 Fax (757) 558-0063 www.atslab.com
BR115: APPLIED TECHNICAL SERVICES 2312 Commerce Ctr. Dr., Suite A Rockville, Virginia 23146 (804) 550-7610 Fax (804) 550-7611 www.atslab.com

Sheet Corrosion
A1: =Thickness!A1 -> 2025 | C1: =IF(ISBLANK(Thickness!C1),"",(Thickness!C1)) | DQ1: OBSTRUCTION
C2: TUBES NUMBERED LEFT TO RIGHT FACING WALL. CORROSION RATE MEASUREMENTS ARE IN MILS. | DQ2: ORIENTATION
A3: ELEVATION | C3: LOC | D3: 1 | E3: 2 | F3: 3 | G3: 4 | H3: 5 | I3: 6 | J3: 7 | K3: 8 | L3: 9 | M3: 10 | N3: 11 | O3: 12 | P3: 13 | Q3: 14 | R3: 15 | S3: 16 | T3: 17 | U3: 18 | V3: 19 | W3: 20 | X3: AVG | Y3: MAX
A4: A | B4: REAR SIDE | C4: L | D4: 0.132 | E4: ND | F4: ND | G4: ND | H4: ND | I4: ND | J4: ND | K4: ND | L4: ND | M4: ND | N4: ND | O4: ND | P4: ND | Q4: ND | R4: ND | S4: ND | T4: ND | U4: ND | V4: ND | W4: ND | X4: =IFERROR(AVERAGE(D4:W6),0) -> 0.272 | Y4: =MAX(D4:W6) -> 0.412
B5: IK #22 C/L | C5: C | D5: ND | E5: ND | F5: ND | G5: ND | H5: ND | I5: ND | J5: ND | K5: ND | L5: ND | M5: ND | N5: ND | O5: ND | P5: ND | Q5: ND | R5: ND | S5: ND | T5: ND | U5: ND | V5: ND | W5: ND | X5: =IFERROR(AVERAGE(D5:W7),0) -> 10.019619 | Y5: =MAX(D5:W7) -> 20
B6: 0' REFERENCE | C6: R | D6: ND | E6: ND | F6: ND | G6: ND | H6: ND | I6: ND | J6: ND | K6: ND | L6: 0.412 | M6: ND | N6: ND | O6: ND | P6: ND | Q6: ND | R6: ND | S6: ND | T6: ND | U6: ND | V6: ND | W6: ND | X6: =IFERROR(AVERAGE(D6:W8),0) -> 10.019619 | Y6: =MAX(D6:W8) -> 20
A7: ELEVATION | C7: LOC | D7: 1 | E7: 2 | F7: 3 | G7: 4 | H7: 5 | I7: 6 | J7: 7 | K7: 8 | L7: 9 | M7: 10 | N7: 11 | O7: 12 | P7: 13 | Q7: 14 | R7: 15 | S7: 16 | T7: 17 | U7: 18 | V7: 19 | W7: 20 | X7: AVG | Y7: MAX
B97: CORROSION RATE (mpy): | M97: NOTE: CORROSION RATES ARE BASED ON COMPARISON OF | AG97: TEST RESULTS | BR97: APPLIED TECHNICAL SERVICES 1049 Triad Court Marietta, Georgia 30062 Office # (770) 423-1400 Fax # (770) 514-3299 www.atslab.com | CL97: =Thickness!CL97 -> INTERNATIONAL PAPER
A98: LEGEND | B98: < 0 mpy (LOSS) or no data | AG98: OVERALL CORROSION RATE (mils per year): | CL98: =Thickness!CL98 -> RIVERDALE MILL
B99: 0-10 mpy (LOSS) | M99: 2020, 2023, 2024, 2025 | CL99: CALCULATED CORROSION RATE
B100: 10-20 mpy (LOSS) | M100: INSPECTION DATA | AG100: 0.272 | CL100: =Thickness!CL100 -> NO. 1 RECOVERY BOILER
B101: > 20 mpy (LOSS) | M101: ND | R101: NO COMPARISON DATA | AW101: =Thickness!AW101 -> Job # H449364 P.O. # 0018342455 W.O. # N/A Date: 5/05/2025 | CL101: =Thickness!CL101 -> 10 SOOTBLOWER PASS A1
B102: CORROSION
BR105: APPLIED TECHNICAL SERVICES 1049 Triad Court Marietta, Georgia 30062 Office # (770) 423-1400 Fax # (770) 514-3299 www.atslab.com
BR110: APPLIED TECHNICAL SERVICES 1325-B Cavalier Boulevard Chesapeake, Virginia 23323 (757) 558-0016 Fax (757) 558-0063 www.atslab.com
BR115: APPLIED TECHNICAL SERVICES 2312 Commerce Ctr. Dr., Suite A Rockville, Virginia 23146 (804) 550-7610 Fax (804) 550-7611 www.atslab.com

Sheet Projection
A1: =Thickness!A1 -> 2025 | C1: =IF(ISBLANK(Thickness!C1),"",(Thickness!C1)) | DQ1: OBSTRUCTION
C2: TUBES NUMBERED LEFT TO RIGHT FACING WALL. PROJECTED THICKNESS MEASUREMENTS ARE IN INCHES. | DQ2: ORIENTATION
A3: ELEVATION | C3: LOC | D3: 1 | E3: 2 | F3: 3 | G3: 4 | H3: 5 | I3: 6 | J3: 7 | K3: 8 | L3: 9 | M3: 10 | N3: 11 | O3: 12 | P3: 13 | Q3: 14 | R3: 15 | S3: 16 | T3: 17 | U3: 18 | V3: 19 | W3: 20 | X3: AVG | Y3: MIN
A4: A | B4: REAR SIDE | C4: L | D4: 0.173 | E4: 0.18 | F4: 0.188 | I4: 0.187 | L4: 0.179 | O4: 0.185 | R4: 0.181 | U4: 0.178 | V4: 0.19 | W4: 0.184 | X4: =IFERROR(AVERAGE(D4:W6),0) -> 0.1825 | Y4: =MIN(D4:W6) -> 0.173
A5: 0.075 | B5: IK #22 C/L | C5: C | D5: 0.176 | E5: 0.182 | F5: 0.189 | I5: 0.183 | L5: 0.179 | O5: 0.184 | R5: 0.181 | U5: 0.178 | V5: 0.186 | W5: 0.186 | X5: =IFERROR(AVERAGE(D5:W7),0) -> 5.34125 | Y5: =MIN(D5:W7) -> 0.173
B6: 0' REFERENCE | C6: R | D6: 0.176 | E6: 0.182 | F6: 0.189 | I6: 0.185 | L6: 0.173 | O6: 0.185 | R6: 0.181 | U6: 0.179 | V6: 0.19 | W6: 0.186 | X6: =IFERROR(AVERAGE(D6:W8),0) -> 7.0608667 | Y6: =MIN(D6:W8) -> 0.173
A7: ELEVATION | C7: LOC | D7: 1 | E7: 2 | F7: 3 | G7: 4 | H7: 5 | I7: 6 | J7: 7 | K7: 8 | L7: 9 | M7: 10 | N7: 11 | O7: 12 | P7: 13 | Q7: 14 | R7: 15 | S7: 16 | T7: 17 | U7: 18 | V7: 19 | W7: 20 | X7: AVG | Y7: MIN
A97: A | B97: 0.001-0.075 | C97: 0.146-0.155 | M97: OUTSIDE DIAMETER: | Z97: 2.5 | AG97: FUTURE PROJECTION | BR97: APPLIED TECHNICAL SERVICES 1049 Triad Court Marietta, Georgia 30062 Office # (770) 423-1400 Fax # (770) 514-3299 www.atslab.com | CL97: =Thickness!CL97 -> INTERNATIONAL PAPER
A98: LEGEND | B98: 0.076-0.115 | C98: 0.156-0.165 | M98: TUBE MATERIAL: | Z98: SA-213T22 | AG98: =TRUNC(MAX(D4:W6),3) -> 0.19 | AL98: MAX. THICKNESS | CL98: =Thickness!CL98 -> RIVERDALE MILL
B99: 0.116-0.125 | C99: 0.166-0.175 | M99: NOMINAL WALL: | Z99: 0.165 | AG99: =TRUNC(AVERAGE(D4:W6),3) -> 0.182 | AL99: AVG. THICKNESS | CL99: PROJECTED TUBE WALL THICKNESS - 5 YEARS
B100: 0.126-0.135 | C100: 0.176-0.185 | M100: ASME MIN: | Z100: 0.075 | AG100: =TRUNC(MIN(D4:W6),3) -> 0.173 | AL100: MIN. THICKNESS | CL100: =Thickness!CL100 -> NO. 1 RECOVERY BOILER
B101: 0.136-0.145 | C101: 0.186-0.999 | M101: MILL FLAG: | Z101: 0.115 | AG101: =STDEV(D4:W6) -> 0.0047832322 | AL101: STD DEV. | AW101: =Thickness!AW101 -> Job # H449364 P.O. # 0018342455 W.O. # N/A Date: 5/05/2025 | CL101: =Thickness!CL101 -> 10 SOOTBLOWER PASS A1
B102: PROJECTION
BR105: APPLIED TECHNICAL SERVICES 1049 Triad Court Marietta, Georgia 30062 Office # (770) 423-1400 Fax # (770) 514-3299 www.atslab.com
BR110: APPLIED TECHNICAL SERVICES 1325-B Cavalier Boulevard Chesapeake, Virginia 23323 (757) 558-0016 Fax (757) 558-0063 www.atslab.com
BR115: APPLIED TECHNICAL SERVICES 2312 Commerce Ctr. Dr., Suite A Rockville, Virginia 23146 (804) 550-7610 Fax (804) 550-7611 www.atslab.com

Sheet Retirement
A1: =Thickness!A1 -> 2025 | C1: =IF(ISBLANK(Thickness!C1),"",(Thickness!C1)) | DQ1: OBSTRUCTION
C2: TUBES NUMBERED LEFT TO RIGHT FACING WALL. | DQ2: ORIENTATION
A3: ELEVATION | C3: LOC | D3: 1 | E3: 2 | F3: 3 | G3: 4 | H3: 5 | I3: 6 | J3: 7 | K3: 8 | L3: 9 | M3: 10 | N3: 11 | O3: 12 | P3: 13 | Q3: 14 | R3: 15 | S3: 16 | T3: 17 | U3: 18 | V3: 19 | W3: 20
A4: A | B4: REAR SIDE | C4: Year | D4: May 2055 | E4: ND | F4: ND | G4: ND | H4: ND | I4: ND | J4: ND | K4: ND | L4: May 2055 | M4: ND | N4: ND | O4: ND | P4: ND | Q4: ND | R4: ND | S4: ND | T4: ND | U4: ND | V4: ND | W4: ND
B5: IK #22 C/L | D5: May 2055 | E5: ND | F5: ND | G5: ND | H5: ND | I5: ND | J5: ND | K5: ND | L5: May 2055 | M5: ND | N5: ND | O5: ND | P5: ND | Q5: ND | R5: ND | S5: ND | T5: ND | U5: ND | V5: ND | W5: ND
B6: 0' REFERENCE | D6: May 2055 | E6: ND | F6: ND | G6: ND | H6: ND | I6: ND | J6: ND | K6: ND | L6: May 2055 | M6: ND | N6: ND | O6: ND | P6: ND | Q6: ND | R6: ND | S6: ND | T6: ND | U6: ND | V6: ND | W6: ND
A7: ELEVATION | C7: LOC | D7: 1 | E7: 2 | F7: 3 | G7: 4 | H7: 5 | I7: 6 | J7: 7 | K7: 8 | L7: 9 | M7: 10 | N7: 11 | O7: 12 | P7: 13 | Q7: 14 | R7: 15 | S7: 16 | T7: 17 | U7: 18 | V7: 19 | W7: 20
B97: PROJECTED TO REACH TMIN: | M97: NOTE: CORROSION RATE IS BASED ON COMPARISON OF | AG97: EARLIEST DATE OF PROJECTED RETIREMENT: | BR97: APPLIED TECHNICAL SERVICES 1049 Triad Court Marietta, Georgia 30062 Office # (770) 423-1400 Fax # (770) 514-3299 www.atslab.com | CL97: =Thickness!CL97 -> INTERNATIONAL PAPER
A98: LEGEND | B98: + 5 YEARS (or no data) | CL98: =Thickness!CL98 -> RIVERDALE MILL
B99: WITHIN 5 YEARS | M99: 2020, 2023, 2024, 2025 | CL99: PROJECTED TUBE RETIREMENT DATE
B100: WITHIN 3 YEARS | M100: INSPECTION DATA | AG100: May 2055 | CL100: =Thickness!CL100 -> NO. 1 RECOVERY BOILER
B101: WITHIN 1 YEAR | M101: ND | R101: NO COMPARISON DATA | AW101: =Thickness!AW101 -> Job # H449364 P.O. # 0018342455 W.O. # N/A Date: 5/05/2025 | CL101: =Thickness!CL101 -> 10 SOOTBLOWER PASS A1
B102: RETIREMENT
BR105: APPLIED TECHNICAL SERVICES 1049 Triad Court Marietta, Georgia 30062 Office # (770) 423-1400 Fax # (770) 514-3299 www.atslab.com
BR110: APPLIED TECHNICAL SERVICES 1325-B Cavalier Boulevard Chesapeake, Virginia 23323 (757) 558-0016 Fax (757) 558-0063 www.atslab.com
BR115: APPLIED TECHNICAL SERVICES 2312 Commerce Ctr. Dr., Suite A Rockville, Virginia 23146 (804) 550-7610 Fax (804) 550-7611 www.atslab.com

Sheet Low
A1: =Thickness!A1 -> 2025 | C1: =IF(ISBLANK(Thickness!C1),"",(Thickness!C1)) | DQ1: OBSTRUCTION
C2: TUBES NUMBERED LEFT TO RIGHT FACING WALL. LOW THICKNESS MEASUREMENTS ARE IN INCHES. | DQ2: ORIENTATION
A3: ELEVATION | C3: LOC | D3: 1 | E3: 2 | F3: 3 | G3: 4 | H3: 5 | I3: 6 | J3: 7 | K3: 8 | L3: 9 | M3: 10 | N3: 11 | O3: 12 | P3: 13 | Q3: 14 | R3: 15 | S3: 16 | T3: 17 | U3: 18 | V3: 19 | W3: 20 | X3: AVG | Y3: MIN
A4: A | B4: REAR SIDE | C4: LOWEST | D4: =MIN(Thickness!D4:D6) -> 0.176 | E4: =MIN(Thickness!E4:E6) -> 0.18 | F4: =MIN(Thickness!F4:F6) -> 0.188 | I4: =MIN(Thickness!I4:I6) -> 0.183 | L4: =MIN(Thickness!L4:L6) -> 0.179 | O4: =MIN(Thickness!O4:O6) -> 0.184 | R4: =MIN(Thickness!R4:R6) -> 0.181 | U4: =MIN(Thickness!U4:U6) -> 0.178 | V4: =MIN(Thickness!V4:V6) -> 0.186 | W4: =MIN(Thickness!W4:W6) -> 0.184 | X4: =IFERROR(AVERAGE(D4:W6),0) -> 0.1819 | Y4: =MIN(D4:W6) -> 0.176
A5: 0.075 | B5: IK #22 C/L | X5: =IFERROR(AVERAGE(D5:W7),0) -> 10.5 | Y5: =MIN(D5:W7) -> 1
B6: 0' REFERENCE | X6: =IFERROR(AVERAGE(D6:W8),0) -> 10.5 | Y6: =MIN(D6:W8) -> 1
A7: ELEVATION | C7: LOC | D7: 1 | E7: 2 | F7: 3 | G7: 4 | H7: 5 | I7: 6 | J7: 7 | K7: 8 | L7: 9 | M7: 10 | N7: 11 | O7: 12 | P7: 13 | Q7: 14 | R7: 15 | S7: 16 | T7: 17 | U7: 18 | V7: 19 | W7: 20 | X7: AVG | Y7: MIN
A97: A | B97: 0.001-0.075 | C97: 0.146-0.155 | M97: OUTSIDE DIAMETER: | Z97: 2.5 | AG97: INSPECTION RESULTS | BR97: APPLIED TECHNICAL SERVICES 1049 Triad Court Marietta, Georgia 30062 Office # (770) 423-1400 Fax # (770) 514-3299 www.atslab.com | CL97: =Thickness!CL97 -> INTERNATIONAL PAPER
A98: LEGEND | B98: 0.076-0.115 | C98: 0.156-0.165 | M98: TUBE MATERIAL: | Z98: SA-213T22 | AG98: =TRUNC(MAX(D4:W6),3) -> 0.188 | AL98: MAX. THICKNESS | CL98: =Thickness!CL98 -> RIVERDALE MILL
B99: 0.116-0.125 | C99: 0.166-0.175 | M99: NOMINAL WALL: | Z99: 0.165 | AG99: =TRUNC(AVERAGE(D4:W6),3) -> 0.181 | AL99: AVG. THICKNESS | CL99: TUBE WALL THICKNESS SURVEY (LOW VALUE)
B100: 0.126-0.135 | C100: 0.176-0.185 | M100: ASME MIN: | Z100: 0.075 | AG100: =TRUNC(MIN(D4:W6),3) -> 0.176 | AL100: MIN. THICKNESS | CL100: =Thickness!CL100 -> NO. 1 RECOVERY BOILER
B101: 0.136-0.145 | C101: 0.186-0.999 | M101: MILL FLAG: | Z101: 0.115 | AG101: =STDEV(D4:W6) -> 0.0037549967 | AL101: STD DEV. | AW101: =Thickness!AW101 -> Job # H449364 P.O. # 0018342455 W.O. # N/A Date: 5/05/2025 | CL101: =Thickness!CL101 -> 10 SOOTBLOWER PASS A1
B102: LOW THICKNESS
BR105: APPLIED TECHNICAL SERVICES 1049 Triad Court Marietta, Georgia 30062 Office # (770) 423-1400 Fax # (770) 514-3299 www.atslab.com
BR110: APPLIED TECHNICAL SERVICES 1325-B Cavalier Boulevard Chesapeake, Virginia 23323 (757) 558-0016 Fax (757) 558-0063 www.atslab.com
BR115: APPLIED TECHNICAL SERVICES 2312 Commerce Ctr. Dr., Suite A Rockville, Virginia 23146 (804) 550-7610 Fax (804) 550-7611 www.atslab.com
